<?xml version="1.0" encoding="UTF-8"?>
<project-private xmlns="http://www.netbeans.org/ns/project-private/1">
    <editor-bookmarks xmlns="http://www.netbeans.org/ns/editor-bookmarks/2" lastBookmarkId="0"/>
    <open-files xmlns="http://www.netbeans.org/ns/projectui-open-files/2">
        <group>
            <file>file:/C:/Users/fabio/Downloads/Tarea%202%20progra%20II%20(1)/Tarea%202%20progra%20II/SupTarea2/src/Tienda2/Direccion.java</file>
            <file>file:/C:/Users/fabio/Downloads/Tarea%202%20progra%20II%20(1)/Tarea%202%20progra%20II/SupTarea2/src/Tienda2/Compra.java</file>
            <file>file:/C:/Users/fabio/Downloads/Tarea%202%20progra%20II%20(1)/Tarea%202%20progra%20II/SupTarea2/src/Tienda2/Articulo.java</file>
            <file>file:/C:/Users/fabio/Downloads/Tarea%202%20progra%20II%20(1)/Tarea%202%20progra%20II/SupTarea2/src/Tienda2/Tarea2.java</file>
            <file>file:/C:/Users/fabio/Downloads/Tarea%202%20progra%20II%20(1)/Tarea%202%20progra%20II/SupTarea2/src/Tienda2/Pago.java</file>
            <file>file:/C:/Users/fabio/Downloads/Tarea%202%20progra%20II%20(1)/Tarea%202%20progra%20II/SupTarea2/src/Tienda2/TiendaPrincipal.java</file>
            <file>file:/C:/Users/fabio/Downloads/Tarea%202%20progra%20II%20(1)/Tarea%202%20progra%20II/SupTarea2/src/Tienda2/Detalle_compra.java</file>
        </group>
    </open-files>
</project-private>
